mine_id,name,state,district,company,mine_type,ownership,status
CM-001,Aadocm,Jharkhand,BOKARO,CCL,OPENCAST,PUBLIC,WORKING
CM-002,ABGC,Jharkhand,DHANBAD,BCCL,OPENCAST,PUBLIC,WORKING
CM-003,Adasa (UG to OC),Maharashtra,NAGPUR,WCL,OPENCAST,PUBLIC,WORKING
CM-004,Adriyala Saft Project,Telangana,PEDDAPALLI,SCCL,UNDERGROUND,PUBLIC,WORKING
CM-005,AGKCC,Jharkhand,DHANBAD,BCCL,OPENCAST,PUBLIC,WORKING
CM-006,AKK OCP,Jharkhand,BOKARO,CCL,OPENCAST,PUBLIC,WORKING
CM-007,AKWMC,Jharkhand,DHANBAD,BCCL,OPENCAST,PUBLIC,WORKING
CM-008,Amadand,Madhya Pradesh,SHAHDOL,SECL,OPENCAST,PUBLIC,WORKING
CM-009,Amagamated Dhansar-Industry,Jharkhand,DHANBAD,BCCL,OPENCAST,PUBLIC,WORKING
CM-010,Amalgamated BOCP,Jharkhand,DHANBAD,BCCL,OPENCAST,PUBLIC,WORKING
CM-011,Amalgamated Gondegaon Ghatrohana,Maharashtra,NAGPUR,WCL,OPENCAST,PUBLIC,WORKING
CM-012,Amalgamated Inder Kamptee OCM,Maharashtra,NAGPUR,WCL,OPENCAST,PUBLIC,WORKING
CM-013,Amalgamated Yekona I & II,Maharashtra,CHANDRAPUR,WCL,OPENCAST,PUBLIC,WORKING
CM-014,Amalgameted Sudamdih-Patherdih,Jharkhand,DHANBAD,BCCL,OPENCAST,PUBLIC,WORKING
CM-015,Amelia (North ) Coal Mine,Madhya Pradesh,SINGRAULI,JPVL,OPENCAST,PRIVATE,WORKING
CM-016,Amelia Coal Block,Madhya Pradesh,SINGRAULI,THDC,OPENCAST,PUBLIC,WORKING
CM-017,Amera,Chhattisgarh,SURGUJA,SECL,OPENCAST,PUBLIC,WORKING
CM-018,Amgaon,Chhattisgarh,SURGUJA,SECL,OPENCAST,PUBLIC,WORKING
CM-019,Amlai OC,Madhya Pradesh,SHAHDOL,SECL,OPENCAST,PUBLIC,WORKING
CM-020,Amlohri,Madhya Pradesh,SINGRAULI,NCL,OPENCAST,PUBLIC,WORKING
CM-021,AMP Colliery,Jharkhand,DHANBAD,BCCL,MIXED,PUBLIC,WORKING
CM-022,Amrapali OCP,Jharkhand,CHATRA,CCL,OPENCAST,PUBLIC,WORKING
CM-023,Amritnagar Colliery,West Bengal,Bardhaman,ECL,UNDERGROUND,PUBLIC,WORKING
CM-024,Ananta OCP,Odisha,Angul,MCL,OPENCAST,PUBLIC,WORKING
CM-025,ARA Reorganisation,Jharkhand,RAMGARH,CCL,OPENCAST,PUBLIC,NON_WORKING
CM-026,Ashoka,Jharkhand,CHATRA,CCL,OPENCAST,PUBLIC,WORKING
CM-027,Badjna Colliery,Jharkhand,DHANBAD,ECL,MIXED,PUBLIC,WORKING
CM-028,Bagdeva,Chhattisgarh,KORBA,SECL,UNDERGROUND,PUBLIC,WORKING
CM-029,Bahula Colliery,West Bengal,Bardhaman,ECL,UNDERGROUND,PUBLIC,WORKING
CM-030,Ballarpur 3 & 4 Pits,Maharashtra,CHANDRAPUR,WCL,UNDERGROUND,PUBLIC,WORKING
CM-031,Ballarpur OCM,Maharashtra,CHANDRAPUR,WCL,OPENCAST,PUBLIC,WORKING
CM-032,Balram OCP,Odisha,Angul,MCL,OPENCAST,PUBLIC,WORKING
CM-033,Balrampur,Chhattisgarh,SURGUJA,SECL,UNDERGROUND,PUBLIC,WORKING
CM-034,Bangwar,Madhya Pradesh,SHAHDOL,SECL,UNDERGROUND,PUBLIC,WORKING
CM-035,Bankola Colliery,West Bengal,Bardhaman,ECL,UNDERGROUND,PUBLIC,WORKING
CM-036,Bansra Colliery,West Bengal,Bardhaman,ECL,MIXED,PUBLIC,WORKING
CM-037,Baranj,Maharashtra,CHANDRAPUR,KPCL,OPENCAST,PUBLIC,WORKING
CM-038,Barjora (North) Coal Mine,West Bengal,BANKURA,WBPDCL,OPENCAST,PUBLIC,WORKING
CM-039,Barmuri,Jharkhand,DHANBAD,ECL,OPENCAST,PUBLIC,WORKING
CM-040,Baroud OC,Chhattisgarh,RAIGARH,SECL,OPENCAST,PUBLIC,WORKING
CM-041,Bartarai,Madhya Pradesh,SHAHDOL,SECL,UNDERGROUND,PUBLIC,WORKING
CM-042,Basantimata -Dahibari,Jharkhand,DHANBAD,BCCL,OPENCAST,PUBLIC,WORKING
CM-043,Basdeopur,Jharkhand,DHANBAD,BCCL,OPENCAST,PUBLIC,WORKING
CM-044,Bastacolla,Jharkhand,DHANBAD,BCCL,OPENCAST,PUBLIC,WORKING
CM-045,Basundhara (West) OCP,Odisha,SUNDARGARH,MCL,OPENCAST,PUBLIC,WORKING
CM-046,Behraband,Madhya Pradesh,SHAHDOL,SECL,UNDERGROUND,PUBLIC,WORKING
CM-047,Bejdih Colliery,West Bengal,Bardhaman,ECL,UNDERGROUND,PUBLIC,WORKING
CM-048,Belbaid Colliery,West Bengal,Bardhaman,ECL,UNDERGROUND,PUBLIC,WORKING
CM-049,Belgaon Coal Mine,Maharashtra,CHANDRAPUR,SISCO,UNDERGROUND,PRIVATE,WORKING
CM-050,Bhadra,Madhya Pradesh,SHAHDOL,SECL,UNDERGROUND,PUBLIC,WORKING
CM-051,Bhanegaon OCM,Maharashtra,NAGPUR,WCL,OPENCAST,PUBLIC,WORKING
CM-052,Bhanora West Block colliery & Bhanora OC patch (H),West Bengal,Bardhaman,ECL,MIXED,PUBLIC,WORKING
CM-053,Bharatpur OCP,Odisha,Angul,MCL,OPENCAST,PUBLIC,WORKING
CM-054,Bhatadi OC Mine,Maharashtra,CHANDRAPUR,WCL,OPENCAST,PUBLIC,WORKING
CM-055,Bhatgaon,Chhattisgarh,SURGUJA,SECL,UNDERGROUND,PUBLIC,WORKING
CM-056,Bhelatand Colliery,Jharkhand,DHANBAD,TSL,UNDERGROUND,PRIVATE,WORKING
CM-057,Bhowra(S),Jharkhand,DHANBAD,BCCL,OPENCAST,PUBLIC,WORKING
CM-058,Bhubaneswari OCP,Odisha,Angul,MCL,OPENCAST,PUBLIC,WORKING
CM-059,Bhurkunda,Jharkhand,RAMGARH,CCL,UNDERGROUND,PUBLIC,NON_WORKING
CM-060,Bhurkunda (Sangum),Jharkhand,RAMGARH,CCL,OPENCAST,PUBLIC,WORKING
CM-061,Bicharpur,Madhya Pradesh,SHAHDOL,UTCL,UNDERGROUND,PRIVATE,WORKING
CM-062,Bijari OC,Chhattisgarh,RAIGARH,SECL,OPENCAST,PUBLIC,WORKING
CM-063,Bijuri,Madhya Pradesh,SHAHDOL,SECL,UNDERGROUND,PUBLIC,WORKING
CM-064,Bina Extn,Uttar Pradesh,SONBHADRA,NCL,OPENCAST,PUBLIC,WORKING
CM-065,Block-B Project,Madhya Pradesh,SINGRAULI,NCL,OPENCAST,PUBLIC,WORKING
CM-066,Bokaro OC (Bermo),Jharkhand,BOKARO,CCL,OPENCAST,PUBLIC,WORKING
CM-067,Bonjemehari OC (Extn),West Bengal,Bardhaman,ECL,OPENCAST,PUBLIC,WORKING
CM-068,C L Jambad OCP,West Bengal,Bardhaman,ECL,OPENCAST,PUBLIC,WORKING
CM-069,Central Kajora Colliery,West Bengal,Bardhaman,ECL,UNDERGROUND,PUBLIC,WORKING
CM-070,Central Saunda,Jharkhand,RAMGARH,CCL,UNDERGROUND,PUBLIC,NON_WORKING
CM-071,Chainpur(Sarubera) Colly.,Jharkhand,RAMGARH,CCL,OPENCAST,PUBLIC,NON_WORKING
CM-072,Chanda Rayatwari Colliery,Maharashtra,CHANDRAPUR,WCL,UNDERGROUND,PUBLIC,NON_WORKING
CM-073,Chapapur-II & Chappapur 10 Quarry (OC),Jharkhand,DHANBAD,ECL,MIXED,PUBLIC,WORKING
CM-074,Chapuikhas Colliery,West Bengal,Bardhaman,ECL,UNDERGROUND,PUBLIC,WORKING
CM-075,Chasnalla Colliery,Jharkhand,DHANBAD,IISCO,UNDERGROUND,PUBLIC,WORKING
CM-076,Chatti Bariatu Coal Mining Project,Jharkhand,HAZARIBAGH,NTPC,OPENCAST,PUBLIC,WORKING
CM-077,Chhal OC,Chhattisgarh,RAIGARH,SECL,OPENCAST,PUBLIC,WORKING
CM-078,Chhatarpur -II,Madhya Pradesh,BETUL,WCL,UNDERGROUND,PUBLIC,WORKING
CM-079,Chhatarpur 1,Madhya Pradesh,BETUL,WCL,UNDERGROUND,PUBLIC,WORKING
CM-080,Chhinda,Madhya Pradesh,CHHINDWARA,WCL,OPENCAST,PUBLIC,NON_WORKING
CM-081,Chinakuri Mine III,West Bengal,Bardhaman,ECL,UNDERGROUND,PUBLIC,WORKING
CM-082,Chirimiri,Chhattisgarh,KOREA,SECL,OPENCAST,PUBLIC,WORKING
CM-083,Chitra East OCP,Jharkhand,DEOGHAR,ECL,OPENCAST,PUBLIC,WORKING
CM-084,Chora 10 Pit Colliery,West Bengal,Bardhaman,ECL,UNDERGROUND,PUBLIC,WORKING
CM-085,Chora 7&9 Pits Colliery,West Bengal,Bardhaman,ECL,UNDERGROUND,PUBLIC,WORKING
CM-086,Chora Block Incline UG & Shankarpur OC & Banbahal OC,West Bengal,Bardhaman,ECL,MIXED,PUBLIC,WORKING
CM-087,Churcha RO,Chhattisgarh,KOREA,SECL,UNDERGROUND,PUBLIC,WORKING
CM-088,Dabor Ph-II & III OC,West Bengal,Bardhaman,ECL,OPENCAST,PUBLIC,WORKING
CM-089,Dakra Bukbuka OC,Jharkhand,RANCHI,CCL,OPENCAST,PUBLIC,WORKING
CM-090,Dalurband OC,West Bengal,Bardhaman,ECL,OPENCAST,PUBLIC,WORKING
CM-091,Damini,Madhya Pradesh,SHAHDOL,SECL,UNDERGROUND,PUBLIC,WORKING
CM-092,Damoda,Jharkhand,DHANBAD,BCCL,OPENCAST,PUBLIC,WORKING
CM-093,Dhankasa & Jamunia,Madhya Pradesh,CHHINDWARA,WCL,UNDERGROUND,PUBLIC,NON_WORKING
CM-094,Dhanpuri,Madhya Pradesh,SHAHDOL,SECL,OPENCAST,PUBLIC,WORKING
CM-095,Dhelwadih Colliery,Chhattisgarh,KORBA,SECL,UNDERGROUND,PUBLIC,WORKING
CM-096,Dhemomain Incl Colliery,West Bengal,Bardhaman,ECL,UNDERGROUND,PUBLIC,WORKING
CM-097,Dhemomain Pit Colliery,West Bengal,Bardhaman,ECL,UNDERGROUND,PUBLIC,WORKING
CM-098,Dhoptala OC (Sasti Colliery),Maharashtra,CHANDRAPUR,WCL,OPENCAST,PUBLIC,WORKING
CM-099,Dhori Khas(UG),Jharkhand,BOKARO,CCL,UNDERGROUND,PUBLIC,WORKING
CM-100,Dipka,Chhattisgarh,KORBA,SECL,OPENCAST,PUBLIC,WORKING
CM-101,Dubeswari Colliery,West Bengal,PURULIA,ECL,UNDERGROUND,PUBLIC,WORKING
CM-102,Dudhichua Project,Uttar Pradesh,SONBHADRA,NCL,OPENCAST,PUBLIC,WORKING
CM-103,Dulanga Coal Mining Project,Odisha,SUNDARGARH,NTPC,OPENCAST,PUBLIC,WORKING
CM-104,Durgapur Open Cast,Maharashtra,CHANDRAPUR,WCL,OPENCAST,PUBLIC,WORKING
CM-105,Durgapur Rayatwari Colly,Maharashtra,CHANDRAPUR,WCL,UNDERGROUND,PUBLIC,WORKING
CM-106,DVC Tubed Mines,Jharkhand,LATEHAR,DVC,OPENCAST,PUBLIC,WORKING
CM-107,E.Basuria,Jharkhand,DHANBAD,BCCL,OPENCAST,PUBLIC,WORKING
CM-108,Ena,Jharkhand,DHANBAD,BCCL,OPENCAST,PUBLIC,WORKING
CM-109,G & G B Coal Mine,West Bengal,BIRBHUM,WBPDCL,OPENCAST,PUBLIC,WORKING
CM-110,Gare Palma IV 6,Chhattisgarh,RAIGARH,JSPL,OPENCAST,PRIVATE,WORKING
CM-111,Gare Palma IV-2&3,Chhattisgarh,KORBA,BALCO,OPENCAST,PRIVATE,WORKING
CM-112,Gare Palma IV/1,Chhattisgarh,RAIGARH,JPL,OPENCAST,PRIVATE,WORKING
CM-113,Gare Palma IV/2&3,Chhattisgarh,RAIGARH,SECL,OPENCAST,PUBLIC,WORKING
CM-114,Gare Palma IV/2&3,Chhattisgarh,RAIGARH,JPL,OPENCAST,PRIVATE,WORKING
CM-115,Gare Palma IV/7,Chhattisgarh,RAIGARH,SEML,OPENCAST,PRIVATE,WORKING
CM-116,Gare Palma Sector III,Chhattisgarh,RAIGARH,CSPGCL,OPENCAST,PUBLIC,WORKING
CM-117,Garjanbahal OCP,Odisha,SUNDARGARH,MCL,OPENCAST,PUBLIC,WORKING
CM-118,Gayatri,Chhattisgarh,SURGUJA,SECL,UNDERGROUND,PUBLIC,WORKING
CM-119,Gevra,Chhattisgarh,KORBA,SECL,OPENCAST,PUBLIC,WORKING
CM-120,"Ghonsa,",Maharashtra,YAVATMAL,WCL,OPENCAST,PUBLIC,WORKING
CM-121,Gidi `A',Jharkhand,HAZARIBAGH,CCL,OPENCAST,PUBLIC,WORKING
CM-122,Gidi `C',Jharkhand,HAZARIBAGH,CCL,OPENCAST,PUBLIC,WORKING
CM-123,Giridih OC,Jharkhand,GIRIDIH,CCL,OPENCAST,PUBLIC,NON_WORKING
CM-124,Godavari Khani 1 & 3,Telangana,KHAMMAM,SCCL,UNDERGROUND,PUBLIC,WORKING
CM-125,Godavari Khani-11 Incline,Telangana,PEDDAPALLI,SCCL,UNDERGROUND,PUBLIC,WORKING
CM-126,Godavari Khani-2 & 2A,Telangana,KHAMMAM,SCCL,UNDERGROUND,PUBLIC,WORKING
CM-127,Godavarikhani V OC,Telangana,PEDDAPALLI,SCCL,OPENCAST,PUBLIC,WORKING
CM-128,Gokul OC Mine + Gokul Extn.,Maharashtra,NAGPUR,WCL,OPENCAST,PUBLIC,WORKING
CM-129,Gondudih/Khas Kusunda,Jharkhand,DHANBAD,BCCL,OPENCAST,PUBLIC,WORKING
CM-130,Gopalichuck,Jharkhand,DHANBAD,BCCL,OPENCAST,PUBLIC,WORKING
CM-131,Gopinathpur,Jharkhand,DHANBAD,ECL,OPENCAST,PUBLIC,NON_WORKING
CM-132,Gotitoria E & W,Madhya Pradesh,Narsinghpur,BSMPL,OPENCAST,PRIVATE,WORKING
CM-133,Gourangdi-A OCP,West Bengal,Bardhaman,ECL,OPENCAST,PUBLIC,WORKING
CM-134,Gourangdih Extn OC,West Bengal,Bardhaman,ECL,OPENCAST,PUBLIC,WORKING
CM-135,Gouri -Pauni(A) OCM,Maharashtra,CHANDRAPUR,WCL,OPENCAST,PUBLIC,WORKING
CM-136,Gouri Deep,Maharashtra,CHANDRAPUR,WCL,OPENCAST,PUBLIC,WORKING
CM-137,Gouthampur Khani OCP,Telangana,KHAMMAM,SCCL,OPENCAST,PUBLIC,WORKING
CM-138,Govindpur,Jharkhand,BOKARO,CCL,UNDERGROUND,PUBLIC,WORKING
CM-139,Govindpur Ph-II OCP,Jharkhand,BOKARO,CCL,OPENCAST,PUBLIC,WORKING
CM-140,GP-IV-8 Coal Mine,Chhattisgarh,RAIGARH,AMBUJA,UNDERGROUND,PRIVATE,WORKING
CM-141,Haldibari,Chhattisgarh,KOREA,SECL,UNDERGROUND,PUBLIC,WORKING
CM-142,Hariajam,Jharkhand,DHANBAD,ECL,UNDERGROUND,PUBLIC,WORKING
CM-143,Hindustan Lalpeth Colliery No.1,Maharashtra,CHANDRAPUR,WCL,UNDERGROUND,PUBLIC,NON_WORKING
CM-144,Hindustan Lalpeth OC,Maharashtra,CHANDRAPUR,WCL,OPENCAST,PUBLIC,WORKING
CM-145,Hingula OCP,Odisha,Angul,MCL,OPENCAST,PUBLIC,WORKING
CM-146,Hirakhand Bundia Mine,Odisha,JHARSUGUDA,MCL,UNDERGROUND,PUBLIC,WORKING
CM-147,Hurra C,Jharkhand,GODDA,ECL,OPENCAST,PUBLIC,WORKING
CM-148,"Indaram Khani-1A, Incline",Telangana,MANCHERIAL,SCCL,UNDERGROUND,PUBLIC,WORKING
CM-149,Indaram Khani-OC,Telangana,MANCHERIAL,SCCL,OPENCAST,PUBLIC,WORKING
CM-150,Int. Lakhanpur-Belpahar-Lilari OCP,Odisha,JHARSUGUDA,MCL,OPENCAST,PUBLIC,WORKING
CM-151,Itapara OC Patch,West Bengal,Bardhaman,ECL,OPENCAST,PUBLIC,WORKING
CM-152,J. K. Nagar Colliery,West Bengal,Bardhaman,ECL,UNDERGROUND,PUBLIC,WORKING
CM-153,Jaganathpur,Chhattisgarh,SURGUJA,SECL,OPENCAST,PUBLIC,WORKING
CM-154,Jagannath Re-org OCP,Odisha,Angul,MCL,OPENCAST,PUBLIC,WORKING
CM-155,Jalagam Vengala Rao OC-2,Telangana,KHAMMAM,SCCL,OPENCAST,PUBLIC,WORKING
CM-156,Jalipa,Chhattisgarh,RAIGARH,HIL,OPENCAST,PRIVATE,WORKING
CM-157,Jamadoba Colliery,Jharkhand,DHANBAD,TSL,MIXED,PRIVATE,WORKING
CM-158,Jambad OCP,West Bengal,Bardhaman,ECL,OPENCAST,PUBLIC,WORKING
CM-159,Jambad UG Colliery,West Bengal,Bardhaman,ECL,UNDERGROUND,PUBLIC,WORKING
CM-160,Jamkhani Coal Mine,Odisha,SUNDARGARH,Vedanta,OPENCAST,PRIVATE,WORKING
CM-161,Jampali,Chhattisgarh,RAIGARH,SECL,OPENCAST,PUBLIC,WORKING
CM-162,Jamuna 9 & 10 Jamuna RO,Madhya Pradesh,SHAHDOL,SECL,UNDERGROUND,PUBLIC,WORKING
CM-163,Jarangdih OC,Jharkhand,BOKARO,CCL,OPENCAST,PUBLIC,WORKING
CM-164,"Jawahar Khani OC-5,",Telangana,KHAMMAM,SCCL,OPENCAST,PUBLIC,WORKING
CM-165,Jayant Project,Madhya Pradesh,SINGRAULI,NCL,OPENCAST,PUBLIC,WORKING
CM-166,Jhanjra Project Colliery,West Bengal,Bardhaman,ECL,UNDERGROUND,PUBLIC,WORKING
CM-167,Jharkhand OCP,Jharkhand,RAMGARH,CCL,OPENCAST,PUBLIC,WORKING
CM-168,Jhilimili Colliery,Chhattisgarh,KOREA,SECL,UNDERGROUND,PUBLIC,WORKING
CM-169,Jhingurda Project,Madhya Pradesh,SINGRAULI,NCL,OPENCAST,PUBLIC,WORKING
CM-170,Jhiria,Madhya Pradesh,SHAHDOL,SECL,UNDERGROUND,PUBLIC,WORKING
CM-171,Jitpur Colliery,Jharkhand,DHANBAD,IISCO,UNDERGROUND,PUBLIC,WORKING
CM-172,Jogidih,Jharkhand,DHANBAD,BCCL,UNDERGROUND,PUBLIC,WORKING
CM-173,Joyrampur,Jharkhand,DHANBAD,BCCL,OPENCAST,PUBLIC,WORKING
CM-174,"Junad,",Maharashtra,YAVATMAL,WCL,OPENCAST,PUBLIC,WORKING
CM-175,K. Dewarkhand,Jharkhand,RANCHI,CCL,OPENCAST,PUBLIC,WORKING
CM-176,Kabribad OC,Jharkhand,GIRIDIH,CCL,OPENCAST,PUBLIC,WORKING
CM-177,Kakatiya Khani-1 & 1A Incline,Telangana,JAYASHANKAR BHUPALPALLY,SCCL,UNDERGROUND,PUBLIC,WORKING
CM-178,Kakatiya Khani-5 Incline,Telangana,JAYASHANKAR BHUPALPALLY,SCCL,UNDERGROUND,PUBLIC,WORKING
CM-179,"Kakatiya Khani-6, Incline",Telangana,JAYASHANKAR BHUPALPALLY,SCCL,UNDERGROUND,PUBLIC,WORKING
CM-180,Kakatiya Khani-8 & 8A Incline,Telangana,JAYASHANKAR BHUPALPALLY,SCCL,UNDERGROUND,PUBLIC,WORKING
CM-181,Kakatiya Khani-OC II,Telangana,JAYASHANKAR BHUPALPALLY,SCCL,OPENCAST,PUBLIC,WORKING
CM-182,Kakatiya Khani-OC-III,Telangana,JAYASHANKAR BHUPALPALLY,SCCL,OPENCAST,PUBLIC,WORKING
CM-183,Kakri Project,Madhya Pradesh,SINGRAULI,NCL,OPENCAST,PUBLIC,WORKING
CM-184,Kalidaspur Project,West Bengal,BANKURA,ECL,UNDERGROUND,PUBLIC,WORKING
CM-185,Kalyan Khani OC,Telangana,MANCHERIAL,SCCL,OPENCAST,PUBLIC,WORKING
CM-186,Kalyan Khani-1 & 5 Incline,Telangana,MANCHERIAL,SCCL,UNDERGROUND,PUBLIC,WORKING
CM-187,Kanchan OC,Madhya Pradesh,UMARIA,SECL,OPENCAST,PUBLIC,WORKING
CM-188,Kaniha OCP,Odisha,Angul,MCL,OPENCAST,PUBLIC,WORKING
CM-189,Kankanee,Jharkhand,DHANBAD,BCCL,OPENCAST,PUBLIC,WORKING
CM-190,Kapasara,Jharkhand,DHANBAD,ECL,OPENCAST,PUBLIC,WORKING
CM-191,Kapurdi,Chhattisgarh,RAIGARH,HIL,UNDERGROUND,PRIVATE,NON_WORKING
CM-192,Kargali OC,Jharkhand,BOKARO,CCL,OPENCAST,PUBLIC,NON_WORKING
CM-193,Karma,Jharkhand,RAMGARH,CCL,OPENCAST,PUBLIC,WORKING
CM-194,KARO SPL.UG,Jharkhand,BOKARO,CCL,UNDERGROUND,PUBLIC,NON_WORKING
CM-195,Karo-I OC,Jharkhand,BOKARO,CCL,OPENCAST,PUBLIC,WORKING
CM-196,Kasipet 1 Incline,Telangana,MANCHERIAL,SCCL,UNDERGROUND,PUBLIC,WORKING
CM-197,Kasipet 2 Incline,Telangana,MANCHERIAL,SCCL,UNDERGROUND,PUBLIC,WORKING
CM-198,Kathara Colly,Jharkhand,BOKARO,CCL,OPENCAST,PUBLIC,WORKING
CM-199,Kathautia Open Cast Coal Mine,Jharkhand,PALAMU,HIL,OPENCAST,PRIVATE,WORKING
CM-200,Katkona 1 & 2,Chhattisgarh,KOREA,SECL,UNDERGROUND,PUBLIC,WORKING
CM-201,Kedla (OC),Jharkhand,RAMGARH,CCL,OPENCAST,PUBLIC,NON_WORKING
CM-202,Kedla UG,Jharkhand,RAMGARH,CCL,UNDERGROUND,PUBLIC,NON_WORKING
CM-203,Kerandari,Jharkhand,HAZARIBAGH,NTPC,OPENCAST,PUBLIC,WORKING
CM-204,Ketki,Chhattisgarh,SURGUJA,SECL,UNDERGROUND,PUBLIC,WORKING
CM-205,Khadia Project,Uttar Pradesh,SONBHADRA,NCL,OPENCAST,PUBLIC,WORKING
CM-206,Khairagura OC,Telangana,Komaram Bheem,SCCL,OPENCAST,PUBLIC,WORKING
CM-207,Khairaha,Madhya Pradesh,SHAHDOL,SECL,UNDERGROUND,PUBLIC,WORKING
CM-208,Khandra Colliery,West Bengal,Bardhaman,ECL,UNDERGROUND,PUBLIC,WORKING
CM-209,Kharkharee,Jharkhand,DHANBAD,BCCL,UNDERGROUND,PUBLIC,WORKING
CM-210,Khas Kajora Colliery,West Bengal,Bardhaman,ECL,UNDERGROUND,PUBLIC,WORKING
CM-211,Khoodia,Jharkhand,DHANBAD,ECL,UNDERGROUND,PUBLIC,WORKING
CM-212,Khottadih OCP,West Bengal,Bardhaman,ECL,OPENCAST,PUBLIC,WORKING
CM-213,Khottadih UG,West Bengal,Bardhaman,ECL,UNDERGROUND,PUBLIC,WORKING
CM-214,Kistaram OC,Telangana,KHAMMAM,SCCL,OPENCAST,PUBLIC,WORKING
CM-215,"Kolarpimpri,",Maharashtra,YAVATMAL,WCL,OPENCAST,PUBLIC,WORKING
CM-216,Kolgaon OC,Maharashtra,YAVATMAL,WCL,OPENCAST,PUBLIC,WORKING
CM-217,Kondapuram UG,Telangana,KHAMMAM,SCCL,UNDERGROUND,PUBLIC,WORKING
CM-218,Koya Gundem OC II,Telangana,KHAMMAM,SCCL,OPENCAST,PUBLIC,WORKING
CM-219,Krishnshila OCP,Uttar Pradesh,SONBHADRA,NCL,OPENCAST,PUBLIC,WORKING
CM-220,Kujama,Jharkhand,DHANBAD,BCCL,OPENCAST,PUBLIC,WORKING
CM-221,Kuju Colliery,Jharkhand,RAMGARH,CCL,OPENCAST,PUBLIC,NON_WORKING
CM-222,Kulda OCP Balinga,Odisha,SUNDARGARH,MCL,OPENCAST,PUBLIC,WORKING
CM-223,Kumardhubi Colliery,Jharkhand,DHANBAD,ECL,UNDERGROUND,PUBLIC,WORKING
CM-224,Kumardihi-A Colliery,West Bengal,Bardhaman,ECL,UNDERGROUND,PUBLIC,WORKING
CM-225,Kumda 7 & 8,Chhattisgarh,SURGUJA,SECL,UNDERGROUND,PUBLIC,WORKING
CM-226,Kunustoria Colliery,West Bengal,Bardhaman,ECL,UNDERGROUND,PUBLIC,WORKING
CM-227,Kurasia UG,Chhattisgarh,KOREA,SECL,UNDERGROUND,PUBLIC,WORKING
CM-228,Kurja/Sheetaldhara/Kapildhara,Madhya Pradesh,SHAHDOL,SECL,UNDERGROUND,PUBLIC,WORKING
CM-229,Kusmunda Project,Chhattisgarh,KORBA,SECL,OPENCAST,PUBLIC,WORKING
CM-230,Kuya,Jharkhand,DHANBAD,BCCL,OPENCAST,PUBLIC,WORKING
CM-231,Laiyo UGP,Jharkhand,RAMGARH,CCL,UNDERGROUND,PUBLIC,NON_WORKING
CM-232,Lajkura OCP,Odisha,JHARSUGUDA,MCL,OPENCAST,PUBLIC,WORKING
CM-233,Lakhimata,Jharkhand,DHANBAD,ECL,UNDERGROUND,PUBLIC,WORKING
CM-234,Lingaraj OCP,Odisha,Angul,MCL,OPENCAST,PUBLIC,WORKING
CM-235,Lower Kenda Colliery,West Bengal,Bardhaman,ECL,UNDERGROUND,PUBLIC,WORKING
CM-236,Madhaipur,West Bengal,Bardhaman,ECL,MIXED,PUBLIC,WORKING
CM-237,Madhaipur Mixed,West Bengal,Bardhaman,ECL,MIXED,PUBLIC,WORKING
CM-238,Madhusudanpur 7 Pit & Incline,West Bengal,Bardhaman,ECL,UNDERGROUND,PUBLIC,WORKING
CM-239,Magadh OCP,Jharkhand,CHATRA,CCL,OPENCAST,PUBLIC,WORKING
CM-240,Mahadeopuri,Madhya Pradesh,CHHINDWARA,WCL,UNDERGROUND,PUBLIC,WORKING
CM-241,Mahakali Colliery,Maharashtra,CHANDRAPUR,WCL,UNDERGROUND,PUBLIC,NON_WORKING
CM-242,Maheshpur,Jharkhand,DHANBAD,BCCL,UNDERGROUND,PUBLIC,WORKING
CM-243,Makardhokra-I OC Expansion Mine,Maharashtra,NAGPUR,WCL,OPENCAST,PUBLIC,WORKING
CM-244,Makardhokra-III OC MINE,Maharashtra,NAGPUR,WCL,OPENCAST,PUBLIC,WORKING
CM-245,Mandarboni,West Bengal,Bardhaman,ECL,UNDERGROUND,PUBLIC,WORKING
CM-246,Manikpur,Chhattisgarh,KORBA,SECL,OPENCAST,PUBLIC,WORKING
CM-247,Manki/Churi,Jharkhand,RANCHI,CCL,UNDERGROUND,PUBLIC,WORKING
CM-248,Manna Incline,Maharashtra,CHANDRAPUR,WCL,UNDERGROUND,PUBLIC,NON_WORKING
CM-249,Manoharpur Coal Mine,Odisha,SUNDARGARH,OCPL,OPENCAST,PUBLIC,WORKING
CM-250,Manuguru Opencast,Telangana,KHAMMAM,SCCL,OPENCAST,PUBLIC,WORKING
CM-251,Marki Mangli - I Coal Mine,Maharashtra,YAVATMAL,TUML,OPENCAST,PRIVATE,WORKING
CM-252,Marki Mangli III,Maharashtra,YAVATMAL,BSIL,OPENCAST,PRIVATE,WORKING
CM-253,Mathani,Madhya Pradesh,CHHINDWARA,WCL,UNDERGROUND,PUBLIC,WORKING
CM-254,Meera,Madhya Pradesh,SHAHDOL,SECL,UNDERGROUND,PUBLIC,WORKING
CM-255,Methani Colliery,West Bengal,Bardhaman,ECL,UNDERGROUND,PUBLIC,WORKING
CM-256,Metica Coal Mine,Jammu & Kashmir,Rajouri,JKML,UNDERGROUND,PUBLIC,WORKING
CM-257,Mohan (Mohan UG),Madhya Pradesh,CHHINDWARA,WCL,MIXED,PUBLIC,WORKING
CM-258,Mohanpur (Expn),West Bengal,Bardhaman,ECL,OPENCAST,PUBLIC,WORKING
CM-259,Moher & Moher Amlohri Extn,West Bengal,BIRBHUM,WBPDCL,OPENCAST,PUBLIC,WORKING
CM-260,Moher & Moher Amlohri Extn,Madhya Pradesh,SINGRAULI,Sasan Power Limited,OPENCAST,PRIVATE,WORKING
CM-261,Moonidih,Jharkhand,DHANBAD,BCCL,UNDERGROUND,PUBLIC,WORKING
CM-262,Mudidih,Jharkhand,DHANBAD,BCCL,OPENCAST,PUBLIC,WORKING
CM-263,Mungoli OCM,Maharashtra,YAVATMAL,WCL,OPENCAST,PUBLIC,WORKING
CM-264,N.C.P.H. Colliery (NEW),Chhattisgarh,KOREA,SECL,UNDERGROUND,PUBLIC,WORKING
CM-265,Nabakajora Colliery,Jharkhand,RAMGARH,ECL,UNDERGROUND,PUBLIC,NON_WORKING
CM-266,Naigaon OCM,Maharashtra,YAVATMAL,WCL,OPENCAST,PUBLIC,WORKING
CM-267,NAKC,Jharkhand,DHANBAD,BCCL,MIXED,PUBLIC,WORKING
CM-268,Nakrakonda -Kumardihi 'B' UG,West Bengal,Bardhaman,ECL,MIXED,PUBLIC,WORKING
CM-269,Nandgaon Incline,Maharashtra,CHANDRAPUR,WCL,UNDERGROUND,PUBLIC,WORKING
CM-270,Nandira Colliery,Odisha,Angul,MCL,UNDERGROUND,PUBLIC,WORKING
CM-271,Narsamuda Colliery,West Bengal,Bardhaman,ECL,UNDERGROUND,PUBLIC,WORKING
CM-272,Navapara,Chhattisgarh,SURGUJA,SECL,UNDERGROUND,PUBLIC,WORKING
CM-273,Neelijay OCM,Maharashtra,YAVATMAL,WCL,OPENCAST,PUBLIC,WORKING
CM-274,Nehariya,Madhya Pradesh,CHHINDWARA,WCL,UNDERGROUND,PUBLIC,WORKING
CM-275,New Godhur-Kusunda-Alkusa,Jharkhand,DHANBAD,BCCL,OPENCAST,PUBLIC,WORKING
CM-276,New Kenda Colliery,West Bengal,Bardhaman,ECL,OPENCAST,PUBLIC,WORKING
CM-277,New Majri - I(A) & II Extn. (A) OC,Maharashtra,CHANDRAPUR,WCL,OPENCAST,PUBLIC,WORKING
CM-278,New Majri UG to OC Expn.,Maharashtra,CHANDRAPUR,WCL,OPENCAST,PUBLIC,WORKING
CM-279,New Moghla Coal Mine,Jammu & Kashmir,Rajouri,JKML,UNDERGROUND,PUBLIC,WORKING
CM-280,New Sethia,Madhya Pradesh,CHHINDWARA,WCL,OPENCAST,PUBLIC,NON_WORKING
CM-281,Nichitpur,Jharkhand,DHANBAD,BCCL,OPENCAST,PUBLIC,WORKING
CM-282,Nigahi Project,Madhya Pradesh,SINGRAULI,NCL,OPENCAST,PUBLIC,WORKING
CM-283,"Nimcha Colliery , Nimcha OC (Amkola) & Nimcha Highwall",West Bengal,Bardhaman,ECL,MIXED,PUBLIC,WORKING
CM-284,Ningah Colliery,West Bengal,Bardhaman,ECL,UNDERGROUND,PUBLIC,WORKING
CM-285,Ningha (SSI) OC,West Bengal,Bardhaman,ECL,OPENCAST,PUBLIC,WORKING
CM-286,Nirsha,Jharkhand,DHANBAD,ECL,OPENCAST,PUBLIC,WORKING
CM-287,North Searsole OC Colliery,West Bengal,Bardhaman,ECL,OPENCAST,PUBLIC,WORKING
CM-288,North Urimari/Birsa-OC,Jharkhand,HAZARIBAGH,CCL,OPENCAST,PUBLIC,WORKING
CM-289,Nowrozabad (W),Madhya Pradesh,UMARIA,SECL,UNDERGROUND,PUBLIC,WORKING
CM-290,NTST-Jeenagora,Jharkhand,DHANBAD,BCCL,OPENCAST,PUBLIC,WORKING
CM-291,Orient Mine No. 1 & 2,Odisha,JHARSUGUDA,MCL,UNDERGROUND,PUBLIC,WORKING
CM-292,Pacchwara North Coal Mine,Jharkhand,PAKUR,WBPDCL,OPENCAST,PUBLIC,WORKING
CM-293,Pachhwara Central Coal Mine,Jharkhand,PAKUR,PSPCL,OPENCAST,PUBLIC,WORKING
CM-294,Padampur OC,Maharashtra,CHANDRAPUR,WCL,OPENCAST,PUBLIC,NON_WORKING
CM-295,Padmavathi Khani No.5 Incline,Telangana,KHAMMAM,SCCL,UNDERGROUND,PUBLIC,WORKING
CM-296,Pakri Barwadih,Jharkhand,HAZARIBAGH,NTPC,OPENCAST,PUBLIC,WORKING
CM-297,Pali,Madhya Pradesh,UMARIA,SECL,UNDERGROUND,PUBLIC,WORKING
CM-298,Pandaveswar UG,West Bengal,Bardhaman,ECL,UNDERGROUND,PUBLIC,WORKING
CM-299,Pandavpara Colliery,Chhattisgarh,KOREA,SECL,UNDERGROUND,PUBLIC,WORKING
CM-300,Paoni II OCM,Maharashtra,CHANDRAPUR,WCL,OPENCAST,PUBLIC,WORKING
CM-301,Parasea Colliery,West Bengal,Bardhaman,ECL,UNDERGROUND,PUBLIC,WORKING
CM-302,Parbelia Colliery,West Bengal,PURULIA,ECL,UNDERGROUND,PUBLIC,WORKING
CM-303,Parej East OCP,Jharkhand,RAMGARH,CCL,OPENCAST,PUBLIC,WORKING
CM-304,Parsa East and Kanta Basan OCM,Chhattisgarh,SURGUJA,RRVUNL,OPENCAST,PUBLIC,WORKING
CM-305,Patansaongi Colliery,Maharashtra,NAGPUR,WCL,UNDERGROUND,PUBLIC,WORKING
CM-306,Patmohana Colliery,West Bengal,Bardhaman,ECL,UNDERGROUND,PUBLIC,WORKING
CM-307,Penganga OC,Maharashtra,CHANDRAPUR,WCL,OPENCAST,PUBLIC,WORKING
CM-308,"Pimpalgaon,",Maharashtra,YAVATMAL,WCL,OPENCAST,PUBLIC,NON_WORKING
CM-309,Pindra Colliery,Jharkhand,RAMGARH,CCL,OPENCAST,PUBLIC,NON_WORKING
CM-310,Piparia,Madhya Pradesh,UMARIA,SECL,UNDERGROUND,PUBLIC,WORKING
CM-311,Porascol East Colliery,West Bengal,Bardhaman,ECL,UNDERGROUND,PUBLIC,WORKING
CM-312,Porascol West Colliery,West Bengal,Bardhaman,ECL,UNDERGROUND,PUBLIC,WORKING
CM-313,Prakasham Khani OC,Telangana,KHAMMAM,SCCL,OPENCAST,PUBLIC,WORKING
CM-314,Pundi,Jharkhand,RAMGARH,CCL,OPENCAST,PUBLIC,NON_WORKING
CM-315,Pure Searsole Colliery,West Bengal,Bardhaman,ECL,UNDERGROUND,PUBLIC,WORKING
CM-316,Purnadih,Jharkhand,RANCHI,CCL,OPENCAST,PUBLIC,WORKING
CM-317,Rajendra,Madhya Pradesh,SHAHDOL,SECL,UNDERGROUND,PUBLIC,WORKING
CM-318,Rajhara,Jharkhand,PALAMU,CCL,OPENCAST,PUBLIC,NON_WORKING
CM-319,Rajmahal OCP,Jharkhand,GODDA,ECL,OPENCAST,PUBLIC,WORKING
CM-320,Rajnagar RO,Madhya Pradesh,SHAHDOL,SECL,UNDERGROUND,PUBLIC,WORKING
CM-321,Rajpura,Jharkhand,DHANBAD,ECL,OPENCAST,PUBLIC,WORKING
CM-322,Rajrappa Project,Jharkhand,RAMGARH,CCL,OPENCAST,PUBLIC,WORKING
CM-323,Rajur UG,Maharashtra,YAVATMAL,WCL,UNDERGROUND,PUBLIC,WORKING
CM-324,Ramagundam OC-I Extn. Ph-II,Telangana,PEDDAPALLI,SCCL,OPENCAST,PUBLIC,WORKING
CM-325,Ramagundam-OC 3 & OC III,Telangana,PEDDAPALLI,SCCL,OPENCAST,PUBLIC,WORKING
CM-326,Ramakrishnapur OC,Telangana,MANCHERIAL,SCCL,OPENCAST,PUBLIC,WORKING
CM-327,Ramnagar Colliery,West Bengal,PASCHIM BARDHAMAN,IISCO,UNDERGROUND,PUBLIC,NON_WORKING
CM-328,Ramnagar Colliery,West Bengal,PASCHIM BARDHAMAN,IISCO,OPENCAST,PUBLIC,WORKING
CM-329,Rampur Batura,Madhya Pradesh,SHAHDOL,SECL,OPENCAST,PUBLIC,WORKING
CM-330,Raniatari,Chhattisgarh,KOREA,SECL,UNDERGROUND,PUBLIC,WORKING
CM-331,Ravindra Khani-5 Incline,Telangana,MANCHERIAL,SCCL,UNDERGROUND,PUBLIC,WORKING
CM-332,Ravindra Khani-6 Incline,Telangana,MANCHERIAL,SCCL,UNDERGROUND,PUBLIC,WORKING
CM-333,"Ravindra Khani-7,Incline",Telangana,MANCHERIAL,SCCL,UNDERGROUND,PUBLIC,WORKING
CM-334,"Ravindra Khani-New Tech,",Telangana,MANCHERIAL,SCCL,UNDERGROUND,PUBLIC,WORKING
CM-335,Rehar,Chhattisgarh,SURGUJA,SECL,UNDERGROUND,PUBLIC,WORKING
CM-336,Religara,Jharkhand,HAZARIBAGH,CCL,OPENCAST,PUBLIC,WORKING
CM-337,ROCP/S. Jharia,Jharkhand,DHANBAD,BCCL,OPENCAST,PUBLIC,WORKING
CM-338,Rohini,Jharkhand,RANCHI,CCL,OPENCAST,PUBLIC,WORKING
CM-339,Samleswari OCP,Odisha,JHARSUGUDA,MCL,OPENCAST,PUBLIC,WORKING
CM-340,Sankarpur Colliery,West Bengal,Bardhaman,ECL,UNDERGROUND,PUBLIC,WORKING
CM-341,Saoner Mine - II,Maharashtra,NAGPUR,WCL,UNDERGROUND,PUBLIC,WORKING
CM-342,Saoner Mine - III,Maharashtra,NAGPUR,WCL,UNDERGROUND,PUBLIC,WORKING
CM-343,Saoner Mine-I,Maharashtra,NAGPUR,WCL,UNDERGROUND,PUBLIC,WORKING
CM-344,Saraipali,Chhattisgarh,KORBA,SECL,UNDERGROUND,PUBLIC,WORKING
CM-345,Sarisatolli Coal Mine,West Bengal,PASCHIM BARDHAMAN,CESC,OPENCAST,PRIVATE,WORKING
CM-346,Sarni Mine,Madhya Pradesh,BETUL,WCL,UNDERGROUND,PUBLIC,NON_WORKING
CM-347,Sarubera,Jharkhand,RAMGARH,CCL,UNDERGROUND,PUBLIC,NON_WORKING
CM-348,Sasti Expn. OCM,Maharashtra,CHANDRAPUR,WCL,OPENCAST,PUBLIC,WORKING
CM-349,Satgram Incline,West Bengal,Bardhaman,ECL,UNDERGROUND,PUBLIC,WORKING
CM-350,Satgram Project,West Bengal,Bardhaman,ECL,UNDERGROUND,PUBLIC,WORKING
CM-351,Saunda (Ncdc),Jharkhand,RAMGARH,CCL,UNDERGROUND,PUBLIC,NON_WORKING
CM-352,Sayal `D',Jharkhand,RAMGARH,CCL,OPENCAST,PUBLIC,WORKING
CM-353,SD OC Mine,Jharkhand,BOKARO,CCL,OPENCAST,PUBLIC,WORKING
CM-354,Sendra Bansjora,Jharkhand,DHANBAD,BCCL,OPENCAST,PUBLIC,WORKING
CM-355,Shampur B,Jharkhand,DHANBAD,ECL,UNDERGROUND,PUBLIC,WORKING
CM-356,Shanthi Khani,Telangana,MANCHERIAL,SCCL,UNDERGROUND,PUBLIC,WORKING
CM-357,Sharda Highwall,Madhya Pradesh,SHAHDOL,SECL,UNDERGROUND,PUBLIC,WORKING
CM-358,Sharda UG,Madhya Pradesh,CHHINDWARA,WCL,UNDERGROUND,PUBLIC,WORKING
CM-359,Shivani,Chhattisgarh,SURGUJA,SECL,UNDERGROUND,PUBLIC,WORKING
CM-360,Shyam Sundarpur Colliery,West Bengal,Bardhaman,ECL,UNDERGROUND,PUBLIC,WORKING
CM-361,Sial Ghogri Coal Mine,Madhya Pradesh,CHHINDWARA,RCCPL,UNDERGROUND,PRIVATE,WORKING
CM-362,Siarmal OCP,Odisha,SUNDARGARH,MCL,OPENCAST,PUBLIC,WORKING
CM-363,Siduli Colliery,West Bengal,Bardhaman,ECL,MIXED,PUBLIC,WORKING
CM-364,Sijua Colliery,Jharkhand,DHANBAD,TSL,UNDERGROUND,PRIVATE,WORKING
CM-365,Sikni OC Mine,Jharkhand,LATEHAR,JSMDCL,OPENCAST,PUBLIC,WORKING
CM-366,Silewara Colliery,Maharashtra,NAGPUR,WCL,UNDERGROUND,PUBLIC,WORKING
CM-367,Singhali Colliery,Chhattisgarh,KORBA,SECL,UNDERGROUND,PUBLIC,WORKING
CM-368,Singori OC,Maharashtra,NAGPUR,WCL,OPENCAST,PUBLIC,WORKING
CM-369,Sirka,Jharkhand,RAMGARH,CCL,OPENCAST,PUBLIC,WORKING
CM-370,Sonepur Bazari Project OCM,West Bengal,Bardhaman,ECL,OPENCAST,PUBLIC,WORKING
CM-371,South Samla,West Bengal,Bardhaman,ECL,UNDERGROUND,PUBLIC,WORKING
CM-372,Srirampur OC,Telangana,MANCHERIAL,SCCL,OPENCAST,PUBLIC,WORKING
CM-373,"Srirampur-1, Incline",Telangana,MANCHERIAL,SCCL,UNDERGROUND,PUBLIC,WORKING
CM-374,Srirampur-3 & 3A Incline,Telangana,MANCHERIAL,SCCL,UNDERGROUND,PUBLIC,WORKING
CM-375,Suliyari,Madhya Pradesh,SINGRAULI,APMDCL,OPENCAST,PUBLIC,WORKING
CM-376,Tadicherla 1 OCM,Telangana,JAYASHANKAR BHUPALPALLY,TGGENCO,OPENCAST,PUBLIC,WORKING
CM-377,Takli Jena Bellora,Maharashtra,CHANDRAPUR,AIPL,OPENCAST,PRIVATE,WORKING
CM-378,Talabira II & III,Odisha,SAMBALPUR,NLCIL,OPENCAST,PUBLIC,WORKING
CM-379,Talaipalli Coal Mine,Chhattisgarh,RAIGARH,NTPC,OPENCAST,PUBLIC,WORKING
CM-380,Tandsi,Madhya Pradesh,CHHINDWARA,WCL,UNDERGROUND,PUBLIC,WORKING
CM-381,Tapin North,Jharkhand,RAMGARH,CCL,OPENCAST,PUBLIC,WORKING
CM-382,Tapin South,Jharkhand,HAZARIBAGH,CCL,OPENCAST,PUBLIC,WORKING
CM-383,Tara(E&W),West Bengal,BIRBHUM,WBPDCL,OPENCAST,PUBLIC,WORKING
CM-384,Tarmi,Jharkhand,BOKARO,CCL,OPENCAST,PUBLIC,WORKING
CM-385,Tasra Colliery,Jharkhand,DHANBAD,SAIL,OPENCAST,PUBLIC,WORKING
CM-386,Tawa Mine,Madhya Pradesh,BETUL,WCL,UNDERGROUND,PUBLIC,WORKING
CM-387,Tawa-II,Madhya Pradesh,BETUL,WCL,UNDERGROUND,PUBLIC,WORKING
CM-388,Tetaria Khar,Jharkhand,LATEHAR,CCL,OPENCAST,PUBLIC,WORKING
CM-389,Tetulmari,Jharkhand,DHANBAD,BCCL,OPENCAST,PUBLIC,WORKING
CM-390,Tikak Colliery,Assam,TINSUKIA,NEC,OPENCAST,PUBLIC,WORKING
CM-391,Tilaboni Colliery,West Bengal,Bardhaman,ECL,UNDERGROUND,PUBLIC,WORKING
CM-392,Topa Marginal Scheme,Jharkhand,RAMGARH,CCL,OPENCAST,PUBLIC,WORKING
CM-393,Trans Damodar Coal Mine,West Bengal,PASCHIM BARDHAMAN,DPL,OPENCAST,PUBLIC,WORKING
CM-394,Ukni OC,Maharashtra,YAVATMAL,WCL,OPENCAST,PUBLIC,WORKING
CM-395,Umaria,Madhya Pradesh,UMARIA,SECL,UNDERGROUND,PUBLIC,WORKING
CM-396,Umrer OC Mine,Maharashtra,NAGPUR,WCL,OPENCAST,PUBLIC,WORKING
CM-397,Urdhan,Madhya Pradesh,CHHINDWARA,WCL,OPENCAST,PUBLIC,WORKING
CM-398,Urimari,Jharkhand,HAZARIBAGH,CCL,UNDERGROUND,PUBLIC,NON_WORKING
CM-399,Urimari,Jharkhand,HAZARIBAGH,CCL,OPENCAST,PUBLIC,WORKING
CM-400,Utkal C Coal Mine,Odisha,Angul,JSPL,OPENCAST,PRIVATE,WORKING
CM-401,Utkal D,Odisha,Angul,NALCO,OPENCAST,PUBLIC,WORKING
CM-402,Vakilpalli,Telangana,PEDDAPALLI,SCCL,UNDERGROUND,PUBLIC,WORKING
CM-403,Vijay West,Chhattisgarh,KORBA,SECL,UNDERGROUND,PUBLIC,WORKING
CM-404,Vindhya,Madhya Pradesh,UMARIA,SECL,UNDERGROUND,PUBLIC,WORKING
CM-405,Vishnupuri-II,Madhya Pradesh,CHHINDWARA,WCL,UNDERGROUND,PUBLIC,WORKING
CM-406,West Bokaro OC (Quarry-E & SE),Jharkhand,HAZARIBAGH,TSL,OPENCAST,PRIVATE,WORKING
CM-407,West Bokaro OC Quarry-AB,Jharkhand,HAZARIBAGH,TSL,OPENCAST,PRIVATE,WORKING
CM-408,West Jhagrakhand,Chhattisgarh,KOREA,SECL,UNDERGROUND,PUBLIC,WORKING
